country,has_financial_data,total_squad_value,star_player_value,star_reliance_gini,haaland_flag,avg_age,age_peak_score,n_past_prime,n_youth_u24,avg_caps,total_squad_goals,pct_elite_league,total_club_minutes,avg_club_minutes,burnout_coverage,max_club_players,top_club,formation,depth_gk,depth_def,depth_mid,depth_att,depth_overall,n_injured,pct_value_injured,manager,tenure_days,has_elite_pedigree,group,full_elo,hot_elo,elo_volatility,squad_rank
Argentina,1,784550000.0,90000000.0,0.516,0,29.3,0.894,3,3,48.5,223,0.667,47260,1750.0,0.704,6,Atlético Madrid,4-3-3,0.792,0.196,0.176,0.303,0.367,0,0.0,Lionel Scaloni,2830,1,J,2094.5,1763.5,3.1,1
Spain,1,1247400000.0,200000000.0,0.406,0,26.7,0.975,1,8,28.6,117,0.962,68469,2633.0,0.962,8,Barcelona,4-3-3,0.75,0.29,0.369,0.257,0.416,0,0.0,Luis de la Fuente,1242,1,H,2091.6,1737.7,6.3,2
France,1,1473500000.0,200000000.0,0.385,0,27.0,0.964,1,6,30.9,100,0.923,71366,2745.0,0.962,5,Paris Saint-Germain,4-3-3,0.66,0.381,0.467,0.418,0.481,0,0.0,Didier Deschamps,5047,1,I,2050.9,1730.6,3.8,3
England,1,1315000000.0,140000000.0,0.355,0,27.3,0.945,1,7,32.2,149,0.962,72098,2773.0,0.962,4,Manchester City,4-3-3,0.714,0.473,0.379,0.429,0.499,0,0.0,Thomas Tuchel,487,1,L,2032.2,1747.3,6.4,4
Brazil,1,623650000.0,150000000.0,0.663,0,29.4,0.828,5,2,35.2,152,0.385,31647,1217.0,0.538,4,Flamengo,4-3-3,0.029,0.045,0.082,0.236,0.098,0,0.0,Carlo Ancelotti,342,1,C,2025.8,1720.5,4.1,5
Portugal,1,824250000.0,110000000.0,0.423,0,28.0,0.929,1,3,44.6,259,0.654,58859,2264.0,0.846,4,Paris Saint-Germain,4-3-3,0.375,0.328,0.308,0.405,0.354,0,0.0,Roberto Martínez,1210,1,K,2005.8,1712.1,5.8,6
Colombia,1,195100000.0,27000000.0,0.549,0,30.1,0.823,5,2,40.1,108,0.308,24648,948.0,0.385,2,River Plate,4-4-2,0.14,0.12,0.259,0.165,0.171,0,0.0,Néstor Lorenzo,1431,0,K,1993.7,1739.5,4.1,7
Netherlands,1,790000000.0,90000000.0,0.353,0,27.8,0.926,2,3,33.1,153,0.885,63715,2451.0,0.962,3,Brighton & Hove Albion,4-3-3,0.412,0.488,0.288,0.349,0.384,0,0.0,Ronald Koeman,1196,1,F,1984.9,1706.6,2.0,8
Germany,1,975500000.0,120000000.0,0.409,0,28.0,0.945,1,6,32.5,105,0.962,71206,2739.0,1.0,6,Bayern Munich,4-4-2,0.292,0.451,0.274,0.539,0.389,0,0.0,Julian Nagelsmann,954,1,E,1977.8,1726.0,2.1,9
Belgium,1,558200000.0,65000000.0,0.341,0,27.6,0.843,5,7,41.7,214,0.808,65211,2508.0,1.0,3,Club Brugge,4-3-3,0.667,0.436,0.311,0.4,0.454,0,0.0,Rudi Garcia,464,1,G,1926.6,1699.5,4.9,10
Japan,1,261900000.0,30000000.0,0.42,0,27.5,0.928,2,4,30.6,110,0.462,43279,1665.0,0.846,2,Sint-Truiden,4-2-3-1,0.088,0.268,0.399,0.392,0.287,0,0.0,Hajime Moriyasu,2838,0,F,1921.8,1648.4,2.6,11
Uruguay,1,380150000.0,120000000.0,0.558,1,28.7,0.934,2,0,34.9,74,0.296,20739,768.0,0.37,3,Palmeiras,4-2-3-1,0.625,0.227,0.19,0.19,0.308,0,0.0,Marcelo Bielsa,1084,1,H,1920.7,1703.8,4.1,12
Mexico,1,194200000.0,20000000.0,0.371,0,27.9,0.957,1,5,46.7,117,0.154,11047,425.0,0.346,5,Guadalajara,4-3-3,0.333,0.285,0.581,0.281,0.37,0,0.0,Javier Aguirre,650,1,A,1919.1,1633.5,2.4,13
Switzerland,1,320300000.0,40000000.0,0.469,0,28.3,0.922,2,5,43.5,124,0.885,52714,2027.0,0.962,2,Young Boys,4-3-3,0.125,0.223,0.227,0.317,0.223,0,0.0,Murat Yakin,1728,0,B,1910.7,1719.7,6.1,14
Croatia,1,366912000.0,70000000.0,0.524,0,28.3,0.862,4,5,44.6,153,0.654,48030,1921.0,0.92,2,Manchester City,4-2-3-1,0.667,0.114,0.39,0.416,0.397,0,0.0,Zlatko Dalić,3130,0,L,1904.4,1675.6,5.1,15
Morocco,1,417150000.0,80000000.0,0.545,0,26.6,0.936,1,8,26.8,98,0.577,38702,1489.0,0.808,2,PSV Eindhoven,4-2-3-1,0.371,0.161,0.393,0.104,0.257,0,0.0,Mohamed Ouahbi,59,0,C,1883.7,1698.8,5.4,16
Australia,1,50388000.0,10000000.0,0.608,0,27.4,0.91,3,8,28.2,74,0.154,17683,707.0,0.36,3,Melbourne City,4-4-2,0.375,0.054,0.416,0.09,0.234,0,0.0,Tony Popovic,584,0,D,1882.0,1659.0,7.1,17
Ecuador,1,359525000.0,110000000.0,0.721,1,26.1,0.934,2,8,29.7,95,0.269,25729,990.0,0.577,3,Atlético Mineiro,4-3-3,0.234,0.068,0.068,0.223,0.148,0,0.0,Sebastián Beccacece,639,0,E,1872.4,1702.1,6.0,18
Iran,1,20231250.0,2800000.0,0.525,0,30.3,0.818,4,2,45.0,150,0.0,3731,155.0,0.125,4,Tractor,4-3-3,0.333,0.094,0.197,0.3,0.231,0,0.0,Amir Ghalenoei,1147,0,G,1869.3,1627.5,3.2,19
Norway,1,579600000.0,200000000.0,0.632,1,26.8,1.0,0,5,30.8,121,0.615,43881,1688.0,0.885,3,Bodø/Glimt,4-4-2,0.367,0.21,0.274,0.163,0.254,0,0.0,Ståle Solbakken,1973,0,I,1868.1,1731.7,6.8,20
South Korea,1,146550000.0,28000000.0,0.648,0,28.1,0.946,2,3,36.8,143,0.231,22700,873.0,0.462,3,Jeonbuk Hyundai Motors,4-3-3,0.65,0.076,0.08,0.0,0.201,0,0.0,Hong Myung-bo,664,0,A,1856.5,1631.7,5.1,21
Austria,1,234832000.0,32000000.0,0.479,0,28.6,0.935,1,2,38.6,149,0.654,41043,1642.0,0.96,2,RB Leipzig,4-2-3-1,0.8,0.215,0.251,0.133,0.35,0,0.0,Ralf Rangnick,1440,1,J,1853.9,1717.3,5.7,22
United States,1,367328000.0,50000000.0,0.471,0,26.9,0.965,1,5,37.0,125,0.5,34510,1380.0,0.64,2,Borussia Mönchengladbach,4-3-3,0.9,0.211,0.147,0.429,0.422,0,0.0,Mauricio Pochettino,600,1,D,1845.3,1603.1,5.9,23
Türkiye,1,469700000.0,90000000.0,0.541,0,27.7,0.989,0,4,37.3,97,0.346,53558,2060.0,0.962,6,Fenerbahçe,4-3-3,0.25,0.293,0.142,0.199,0.221,0,0.0,Vincenzo Montella,949,0,D,1840.1,1687.3,8.2,24
Sweden,1,407275000.0,100000000.0,0.651,0,27.6,0.977,0,3,20.0,65,0.538,38274,1472.0,0.808,1,Derby County,4-3-3,0.286,0.235,0.188,0.023,0.183,0,0.0,Graham Potter,195,1,F,1833.5,1700.3,9.0,25
Senegal,1,455300000.0,50000000.0,0.481,0,27.1,0.908,2,9,37.9,131,0.769,44337,1705.0,0.885,2,Nice,4-3-3,0.393,0.234,0.247,0.374,0.312,0,0.0,Pape Thiaw,506,0,I,1829.8,1659.2,6.5,26
Canada,1,195900000.0,45000000.0,0.615,0,27.0,0.986,0,5,36.7,133,0.269,14253,548.0,0.462,3,Los Angeles FC,4-3-3,0.379,0.123,0.138,0.165,0.201,0,0.0,Jesse Marsch,720,1,B,1822.3,1618.1,6.8,27
Uzbekistan,1,58933333.0,35000000.0,0.856,1,28.2,0.928,2,5,32.1,116,0.038,6365,265.0,0.125,3,Pakhtakor,4-2-3-1,1.0,0.006,0.028,0.007,0.26,0,0.0,Fabio Cannavaro,209,0,K,1788.6,1605.4,4.0,28
Algeria,1,254280000.0,40000000.0,0.593,0,26.8,0.952,1,6,30.4,124,0.423,32567,1303.0,0.64,2,USM Alger,4-3-3,0.025,0.068,0.291,0.095,0.12,0,0.0,Vladimir Petković,794,0,J,1788.3,1656.9,7.3,29
Ivory Coast,1,511300000.0,75000000.0,0.472,0,25.8,0.984,0,9,27.0,83,0.538,48871,1880.0,0.923,2,Charleroi,4-3-3,0.38,0.35,0.284,0.347,0.34,0,0.0,Emerse Faé,830,0,E,1785.0,1675.2,7.4,30
Paraguay,1,150332000.0,25000000.0,0.55,0,29.0,0.892,3,3,26.5,53,0.192,7909,316.0,0.2,3,Palmeiras,4-4-2,0.12,0.182,0.221,0.099,0.155,0,0.0,Gustavo Alfaro,625,0,D,1781.7,1670.0,6.3,31
Scotland,1,178550000.0,45000000.0,0.612,0,29.2,0.939,1,3,37.4,98,0.346,26400,1015.0,0.654,2,Rangers,4-4-2,0.283,0.132,0.051,0.278,0.186,0,0.0,Steve Clarke,2540,0,C,1781.1,1691.8,4.6,32
Panama,1,64900000.0,50000000.0,0.886,1,30.4,0.803,5,0,59.3,126,0.038,3342,129.0,0.077,2,Saprissa,4-2-3-1,0.077,0.009,0.031,1.0,0.279,0,0.0,Thomas Christiansen,2110,0,L,1776.1,1586.9,5.8,33
Egypt,1,130508696.0,60000000.0,0.8,1,29.1,0.914,2,1,31.6,126,0.115,5728,249.0,0.174,8,Al Ahly,4-3-3,0.02,0.057,0.071,0.094,0.06,0,0.0,Hossam Hassan,1391,0,G,1773.9,1655.6,5.7,34
Czech Republic,1,163225000.0,20000000.0,0.476,0,27.6,0.935,2,6,27.8,98,0.231,28055,1079.0,0.885,10,Slavia Prague,4-3-3,0.327,0.233,0.225,0.163,0.237,0,0.0,Miroslav Koubek,135,0,A,1751.8,1661.2,7.0,35
New Zealand,1,28700000.0,6000000.0,0.554,0,28.3,0.849,4,6,31.7,106,0.038,7874,303.0,0.192,6,Auckland FC,4-2-3-1,0.233,0.167,0.251,0.057,0.177,0,0.0,Darren Bazeley,1030,0,G,1745.7,1608.0,5.3,36
Jordan,1,5795833.0,3000000.0,0.701,1,28.5,0.947,0,5,40.9,92,0.038,638,27.0,0.083,7,Al-Hussein,4-3-3,0.5,0.19,1.0,0.044,0.433,0,0.0,Jamal Sellami,700,0,J,1744.5,1604.3,6.4,37
Saudi Arabia,1,32750000.0,5000000.0,0.459,0,28.5,0.921,2,2,35.7,96,0.038,1345,52.0,0.038,7,Al-Hilal,4-3-3,0.161,0.375,0.282,0.243,0.265,0,0.0,Georgios Donis,10,0,H,1737.1,1607.3,4.4,38
Iraq,1,12850000.0,3500000.0,0.692,0,26.9,0.99,0,6,31.8,89,0.0,1843,71.0,0.154,3,Al-Talaba,4-4-2,1.0,0.133,0.047,0.076,0.314,0,0.0,Graham Arnold,359,0,I,1729.7,1597.2,6.7,39
DR Congo,1,168290909.0,30000000.0,0.577,0,29.1,0.901,2,3,30.6,82,0.346,22228,1010.0,0.773,2,AEL,4-3-3,0.01,0.238,0.097,0.084,0.107,0,0.0,Sébastien Desabre,1364,0,K,1706.3,1653.6,5.5,40
Haiti,1,97435000.0,18000000.0,0.561,0,27.5,0.921,2,3,24.0,115,0.154,8710,436.0,0.35,2,Colorado Springs Switchbacks FC,4-3-3,0.022,0.385,0.008,0.122,0.134,0,0.0,Sebastien Migne,1098,0,C,1702.2,1575.9,6.1,41
Tunisia,1,46691667.0,7000000.0,0.592,0,26.6,0.979,0,8,22.4,43,0.192,17633,735.0,0.458,2,Club Africain,4-2-3-1,1.0,0.127,0.163,0.079,0.342,0,0.0,Sabri Lamouchi,109,0,F,1701.8,1605.9,9.3,42
Ghana,1,211250000.0,75000000.0,0.631,1,27.0,0.949,1,7,21.6,67,0.5,29119,1120.0,0.654,3,Auxerre,4-3-3,0.117,0.429,0.088,0.287,0.23,0,0.0,Carlos Queiroz,20,0,L,1683.6,1629.8,5.6,43
Bosnia and Herzegovina,1,134628000.0,22000000.0,0.508,0,26.5,0.957,1,9,23.0,93,0.231,25453,1018.0,0.8,2,Rijeka,4-3-3,0.444,0.159,0.366,0.155,0.281,0,0.0,Sergej Barbarez,744,0,B,1675.7,1648.4,6.0,44
Qatar,1,9400000.0,4500000.0,0.791,1,29.5,0.779,7,4,54.7,208,0.0,0,0.0,0.0,6,Al-Duhail,4-3-3,1.0,0.308,0.375,0.02,0.426,0,0.0,Julen Lopetegui,367,1,B,1674.6,1556.3,7.2,45
Cape Verde,1,93940476.0,30000000.0,0.673,1,29.7,0.812,5,2,31.7,75,0.077,11960,570.0,0.429,1,Chaves,4-2-3-1,0.75,0.012,0.065,0.344,0.293,0,0.0,Bubista,2287,0,H,1647.8,1631.6,6.1,46
Curaçao,1,29968421.0,4000000.0,0.37,0,28.0,0.918,1,4,23.8,73,0.0,16445,866.0,0.526,2,Miami FC,5-3-2,0.125,0.297,0.337,0.276,0.259,0,0.0,Fred Rutten,69,0,E,1608.1,1512.2,6.1,47
South Africa,1,21480952.0,10000000.0,0.776,1,26.8,0.965,1,8,18.6,61,0.038,1372,65.0,0.048,8,Mamelodi Sundowns,4-3-3,1.0,0.031,,0.015,,0,0.0,Hugo Broos,1824,0,A,-787.2,1616.6,6.2,48
